distance,angle,SAMPLE_1
0,233.1301023542,0
10,233.1301023542,0
20,233.1301023542,0
30,233.1301023542,0
40,233.1301023542,0
50,233.1301023542,0
60,233.1301023542,0
70,233.1301023542,0
80,233.1301023542,0
90,233.1301023542,0
100,233.1301023542,0
110,233.1301023542,0
120,233.1301023542,0
130,233.1301023542,0
140,233.1301023542,0
150,233.1301023542,0
160,233.1301023542,0
170,233.1301023542,0
180,233.1301023542,0
190,180,0
200,180,0
210,180,0
220,180,0
230,208.610459665935,0
240,208.610459665935,0
250,208.610459665935,0
260,208.610459665935,0
270,208.610459665935,0
280,208.610459665935,0
290,208.610459665935,0
300,208.610459665935,0
310,208.610459665935,0
320,208.610459665935,0
330,208.610459665935,0
340,208.610459665935,0
350,208.610459665935,0
360,208.610459665935,0
370,208.610459665935,0
380,208.610459665935,0
390,208.610459665935,0
400,208.610459665935,0
410,208.610459665935,0
420,208.610459665935,0
430,208.610459665935,0
440,208.610459665935,0
450,208.610459665935,0
460,208.610459665935,0
470,208.610459665935,0
480,208.610459665935,0
490,208.610459665935,0
500,208.610459665935,0
510,208.610459665935,0
520,208.610459665935,0
530,208.610459665935,0
540,208.610459665935,0
550,208.610459665935,0
560,208.610459665935,0
570,208.610459665935,0
580,208.610459665935,0
590,208.610459665935,0
600,208.610459665935,0
610,208.610459665935,0
620,208.610459665935,0
630,208.610459665935,0
640,208.610459665935,0
650,208.610459665935,0
660,208.610459665935,0
670,208.610459665935,0
680,208.610459665935,0
690,206.565051177151,0
700,206.565051177151,0
710,206.565051177151,0
720,206.565051177151,0
730,206.565051177151,0
740,206.565051177151,0
750,206.565051177151,0
760,206.565051177151,0
770,225.000000000045,0
780,225.000000000045,0
790,225.000000000045,0
800,225.000000000045,0
810,225.000000000045,0
820,225.000000000045,0
830,225.000000000045,0
840,225.000000000045,0
850,225.000000000045,0
860,225.000000000045,0
870,225,0
880,225,0
890,225,0
900,225,0
910,225,0
920,225,0
930,225,0
940,225,0
950,225,0
960,225,0
970,225,0
980,243.434948822958,0
990,243.434948822958,0
1000,243.434948822958,0
1010,243.434948822958,0
1020,243.434948822958,0
1030,243.434948822958,0
1040,243.434948822958,0
1050,243.434948822958,0
1060,243.434948822958,0
1070,243.434948822958,0
1080,243.434948822958,0
1090,243.434948822958,0
1100,243.434948822958,0
1110,243.434948822958,0
1120,243.434948822958,0
1130,243.434948822958,0
1140,225,0
1150,225,0
1160,225,0
1170,225,0
1180,225,0
1190,236.309932474076,0
1200,236.309932474076,0
1210,236.309932474076,0
1220,236.309932474076,0
1230,236.309932474076,0
1240,236.309932474076,0
1250,236.309932474076,0
1260,236.309932474076,0
1270,236.309932474076,0
1280,236.309932474076,0
1290,236.309932474076,0
1300,236.309932474076,0
1310,236.309932474076,0
1320,236.309932474076,0
1330,243.434948822922,0
1340,243.434948822922,0
1350,243.434948822922,0
1360,243.434948822922,0
1370,243.434948822922,0
1380,243.434948822922,0
1390,243.434948822922,0
1400,243.434948822922,0
1410,225.000000000091,0
1420,225.000000000091,0
1430,225.000000000091,0
1440,225.000000000091,0
1450,225.000000000091,0
1460,206.565051176788,0
1470,206.565051176788,0
1480,206.565051176788,0
1490,206.565051176788,0
1500,206.565051176788,0
1510,206.565051176788,0
1520,206.565051176788,0
1530,206.565051176788,0
1540,270,0
1550,270,0
1560,270,0
1570,270,0
1580,206.565051177078,0
1590,206.565051177078,0
1600,206.565051177078,0
1610,206.565051177078,0
1620,206.565051177078,0
1630,206.565051177078,0
1640,206.565051177078,0
1650,206.565051177078,0
1660,225.000000000045,0
1670,225.000000000045,0
1680,225.000000000045,0
1690,225.000000000045,0
1700,225.000000000045,0
1710,225.000000000045,0
1720,225.000000000045,0
1730,225.000000000045,0
1740,225.000000000045,0
1750,225.000000000045,0
1760,225.000000000045,0
1770,213.690067526022,0
1780,213.690067526022,0
1790,213.690067526022,0
1800,213.690067526022,0
1810,213.690067526022,0
1820,213.690067526022,0
1830,213.690067526022,0
1840,213.690067526022,0
1850,213.690067526022,0
1860,213.690067526022,0
1870,213.690067526022,0
1880,213.690067526022,0
1890,213.690067526022,0
1900,225,0
1910,225,0
1920,225,0
1930,225,0
1940,225,0
1950,206.565051177078,0
1960,206.565051177078,0
1970,206.565051177078,0
1980,206.565051177078,0
1990,206.565051177078,0
2000,206.565051177078,0
2010,206.565051177078,0
2020,206.565051177078,0
2030,243.434948822958,0
2040,243.434948822958,0
2050,243.434948822958,0
2060,243.434948822958,0
2070,243.434948822958,0
2080,243.434948822958,0
2090,243.434948822958,0
2100,243.434948822958,0
2110,206.565051177151,0
2120,206.565051177151,0
2130,206.565051177151,0
2140,206.565051177151,0
2150,206.565051177151,0
2160,206.565051177151,0
2170,206.565051177151,0
2180,206.565051177151,0
2190,206.565051177151,0
2200,225,0
2210,225,0
2220,225,0
2230,225,0
2240,225,0
2250,225,0
2260,225,0
2270,225,0
2280,225,0
2290,225,0
2300,213.690067526022,0
2310,213.690067526022,0
2320,213.690067526022,0
2330,213.690067526022,0
2340,213.690067526022,0
2350,213.690067526022,0
2360,213.690067526022,0
2370,213.690067526022,0
2380,213.690067526022,0
2390,213.690067526022,0
2400,213.690067526022,0
2410,213.690067526022,0
2420,213.690067526022,0
2430,224.999999999683,0
2440,224.999999999683,0
2450,224.999999999683,0
2460,224.999999999683,0
2470,224.999999999683,0
2480,224.999999999683,0
2490,224.999999999683,0
2500,224.999999999683,0
2510,224.999999999683,0
2520,224.999999999683,0
2530,224.999999999683,0
2540,206.565051177078,0
2550,206.565051177078,0
2560,206.565051177078,0
2570,206.565051177078,0
2580,206.565051177078,0
2590,206.565051177078,0
2600,206.565051177078,0
2610,206.565051177078,0
2620,206.565051177151,0
2630,206.565051177151,0
2640,206.565051177151,0
2650,206.565051177151,0
2660,206.565051177151,0
2670,206.565051177151,0
2680,206.565051177151,0
2690,206.565051177151,0
2700,180,0
2710,180,0
2720,180,0
2730,180,0
2740,180,0
2750,180,0
2760,180,0
2770,180,0
2780,180,0
2790,180,0
2800,180,0
2810,180,0
2820,180,0
2830,180,0
2840,180,0
2850,180,0
2860,180,0
2870,180,0
2880,180,0
2890,180,0
2900,180,0
2910,180,0
2920,180,0
2930,180,0
2940,180,0
2950,180,0
2960,180,0
2970,180,0
2980,180,0
2990,180,0
3000,180,0
3010,180,0
3020,180,0
3030,180,0
3040,180,0
3050,180,0
3060,180,0
3070,180,0
3080,180,0
3090,180,0
3100,180,0
3110,206.565051177078,0
3120,206.565051177078,0
3130,206.565051177078,0
3140,206.565051177078,0
3150,206.565051177078,0
3160,206.565051177078,0
3170,206.565051177078,0
3180,206.565051177078,0
3190,180,0
3200,180,0
3210,180,0
3220,180,0
3230,180,0
3240,180,0
3250,180,0
3260,180,0
3270,180,0
3280,180,0
3290,180,0
3300,180,0
3310,180,0
3320,180,0
3330,180,0
3340,180,0
3350,180,0
3360,180,0
3370,180,0
3380,180,0
3390,180,0
3400,180,0
3410,198.434948822949,0
3420,198.434948822949,0
3430,198.434948822949,0
3440,198.434948822949,0
3450,198.434948822949,0
3460,198.434948822949,0
3470,198.434948822949,0
3480,198.434948822949,0
3490,198.434948822949,0
3500,198.434948822949,0
3510,198.434948822949,0
3520,198.434948822949,0
3530,198.434948822949,0
3540,198.434948822949,0
3550,198.434948822949,0
3560,198.434948822949,0
3570,198.434948822949,0
3580,198.434948822949,0
3590,198.434948822949,0
3600,198.434948822949,0
3610,198.434948822949,0
3620,198.434948822949,0
3630,198.434948822949,0
3640,198.434948822922,0
3650,198.434948822922,0
3660,198.434948822922,0
3670,198.434948822922,0
3680,198.434948822922,0
3690,198.434948822922,0
3700,198.434948822922,0
3710,198.434948822922,0
3720,198.434948822922,0
3730,198.434948822922,0
3740,198.434948822922,0
3750,198.434948822922,0
3760,180,0
3770,180,0
3780,180,0
3790,236.309932474076,0
3800,236.309932474076,0
3810,236.309932474076,0
3820,236.309932474076,0
3830,236.309932474076,0
3840,236.309932474076,0
3850,236.309932474076,0
3860,236.309932474076,0
3870,236.309932474076,0
3880,236.309932474076,0
3890,236.309932474076,0
3900,236.309932474076,0
3910,236.309932474076,0
3920,236.309932474076,0
3930,206.565051177078,0
3940,206.565051177078,0
3950,206.565051177078,0
3960,206.565051177078,0
3970,206.565051177078,0
3980,206.565051177078,0
3990,206.565051177078,0
4000,206.565051177078,0
4010,270,0
4020,270,0
4030,270,0
4040,270,0
4050,243.434948822958,0
4060,243.434948822958,0
4070,243.434948822958,0
4080,243.434948822958,0
4090,243.434948822958,0
4100,243.434948822958,0
4110,243.434948822958,0
4120,243.434948822958,0
4130,270,0
4140,270,0
4150,270,0
4160,180,0
4170,180,0
4180,180,0
4190,180,0
4200,270,0
4210,270,0
4220,270,0
4230,270,0
4240,270,0
4250,270,0
4260,270,0
4270,270,0
4280,270,0
4290,270,0
4300,270,0
4310,270,0
4320,270,0
4330,270,0
4340,270,0
4350,270,0
4360,270,0
4370,270,0
4380,270,0
4390,270,0
4400,270,0
4410,270,0
4420,270,0
4430,270,0
4440,270,0
4450,270,0
4460,270,0
4470,270,0
4480,270,0
4490,270,0
4500,270,0
4510,270,0
4520,270,0
4530,270,0
4540,270,0
4550,270,0
4560,270,0
4570,270,0
4580,270,0
4590,270,0
4600,270,0
4610,270,0
4620,270,0
4630,270,0
4640,251.565051177114,0
4650,251.565051177114,0
4660,251.565051177114,0
4670,251.565051177114,0
4680,251.565051177114,0
4690,251.565051177114,0
4700,251.565051177114,0
4710,251.565051177114,0
4720,251.565051177114,0
4730,251.565051177114,0
4740,251.565051177114,0
4750,251.565051177114,0
4760,180,0
4770,180,0
4780,180,0
4790,180,0
4800,180,0
4810,180,0
4820,180,0
4830,225,0
4840,225,0
4850,225,0
4860,225,0
4870,225,0
4880,225,0
4890,225,0
4900,225,0
4910,225,0
4920,225,0
4930,225,0
4940,225.000000000091,0
4950,225.000000000091,0
4960,225.000000000091,0
4970,225.000000000091,0
4980,225.000000000091,0
4990,255.963756532084,0
5000,255.963756532084,0
5010,255.963756532084,0
5020,255.963756532084,0
5030,255.963756532084,0
5040,255.963756532084,0
5050,255.963756532084,0
5060,255.963756532084,0
5070,255.963756532084,0
5080,255.963756532084,0
5090,255.963756532084,0
5100,255.963756532084,0
5110,255.963756532084,0.0020000000949949
5120,255.963756532084,0
5130,255.963756532084,2.37100005149841
5140,251.565051177114,3.82699990272522
5150,251.565051177114,6.89900016784668
5160,251.565051177114,7.09100008010864
5170,251.565051177114,10.4270000457764
5180,251.565051177114,13.25
5190,251.565051177114,14.0089998245239
5200,251.565051177114,11.8420000076294
5210,251.565051177114,4.36100006103516
5220,251.565051177114,2.74699997901917
5230,251.565051177114,2.28999996185303
5240,251.565051177114,3.64000010490417
5250,251.565051177114,4.71600008010864
5260,194.036243467926,5.06799983978271
5270,194.036243467926,3.96799993515015
5280,194.036243467926,4.6100001335144
5290,194.036243467926,3.58800005912781
5300,194.036243467926,3.43400001525879
5310,194.036243467926,2.86500000953674
5320,194.036243467926,2.46900010108948
5330,194.036243467926,2.13899993896484
5340,194.036243467926,3.30299997329712
5350,194.036243467926,3.57399988174438
5360,194.036243467926,5.22700023651123
5370,194.036243467926,6.28000020980835
5380,194.036243467926,7.46099996566772
5390,194.036243467926,10.5019998550415
5400,194.036243467926,13.5679998397827
5410,180,16.7070007324219
5420,180,15.2819995880127
5430,180,14.3369998931885
5440,180,16.5949993133545
5450,180,23.7700004577637
5460,180,30.443000793457
5470,180,33.6290016174316
5480,180,37.7820014953613
5490,180,41.5029983520508
5500,180,44.1189994812012
5510,180,46.2350006103516
5520,180,47.4949989318848
5530,180,48.8530006408691
5540,180,48.1920013427734
5550,180,47.6629981994629
5560,180,44.2490005493164
5570,180,36.773998260498
5580,180,30.07200050354
5590,180,27.9909992218018
5600,180,25.1830005645752
5610,180,26.3360004425049
5620,180,24.2350006103516
5630,180,20.0300006866455
5640,180,19.2730007171631
5650,180,14.1630001068115
5660,180,9.13700008392334
5670,180,5.5789999961853
5680,180,2.54699993133545
5690,180,0.0719999969005585
5700,180,0
5710,180,0
5720,180,0
5730,180,0
5740,180,0
5750,180,0
5760,180,0
5770,180,0
5780,180,0
5790,180,0
5800,180,0
5810,180,0
5820,180,0
5830,180,0
5840,180,0
5850,180,0
5860,180,0
5870,180,0
5880,180,0
5890,225,0
5900,225,0
5910,225,0
5920,225,0
5930,225,0
5940,180,0
5950,180,0
5960,180,0
5970,180,0
5980,180,0
5990,180,0
6000,180,0
6010,180,0
6020,180,0
6030,180,0
6040,180,0
6050,180,0
6060,180,0
6070,180,0
6080,180,0
6090,180,0
6100,180,0
6110,180,0
6120,180,0
6130,180,0
6140,180,0
6150,180,0
6160,180,0
6170,180,0
6180,180,0
6190,180,0
6200,180,0
6210,180,0
6220,180,0
6230,180,0
6240,180,0
6250,180,0
6260,180,0
6270,180,0
6280,180,0
6290,180,0
6300,180,0
6310,180,0
6320,180,0
6330,180,0
6340,180,0
6350,180,0
6360,180,0
6370,180,0
6380,180,0
6390,180,0
6400,180,0
6410,180,0
6420,180,0
6430,180,0
6440,180,0
6450,180,0
6460,180,0
6470,180,0
6480,180,0
6490,180,0
6500,180,0
6510,180,0
6520,180,0
6530,180,0
6540,180,0
6550,180,0
6560,180,0
6570,180,0
6580,180,0
6590,180,0
6600,180,0
6610,161.565051177096,0
6620,161.565051177096,0
6630,161.565051177096,0
6640,161.565051177096,0
6650,161.565051177096,0
6660,161.565051177096,0
6670,161.565051177096,0
6680,161.565051177096,0
6690,161.565051177096,0
6700,161.565051177096,0
6710,161.565051177096,0
6720,161.565051177096,0
6730,161.565051177096,0
6740,161.565051177096,0
6750,161.565051177096,0
6760,161.565051177096,0
6770,161.565051177096,0
6780,161.565051177096,0
6790,161.565051177096,0
6800,161.565051177096,0
6810,161.565051177096,0
6820,161.565051177096,0
6830,161.565051177096,0
6840,153.434948823136,0
6850,153.434948823136,0
6860,153.434948823136,0
6870,153.434948823136,0
6880,153.434948823136,0
6890,153.434948823136,0
6900,153.434948823136,0
6910,153.434948823136,0
6920,153.434948823136,0
6930,153.434948822851,0
6940,153.434948822851,0
6950,153.434948822851,0
6960,153.434948822851,0
6970,153.434948822851,0
6980,153.434948822851,0
6990,153.434948822851,0
7000,153.434948822851,0
7010,134.999999999866,0
7020,134.999999999866,0
7030,134.999999999866,0
7040,134.999999999866,0
7050,134.999999999866,0
7060,134.999999999866,0
7070,134.999999999866,0
7080,134.999999999866,0
7090,134.999999999866,0
7100,134.999999999866,0
7110,134.999999999866,0
7120,134.999999999911,0
7130,134.999999999911,0
7140,134.999999999911,0
7150,134.999999999911,0
7160,134.999999999911,0
7170,135.000000000624,0
7180,135.000000000624,0
7190,135.000000000624,0
7200,135.000000000624,0
7210,135.000000000624,0
7220,180,0
7230,180,0
7240,180,0
7250,180,0
7260,180,0
7270,180,0
7280,180,0
7290,180,0
7300,161.565051177024,0
7310,161.565051177024,0
7320,161.565051177024,0
7330,161.565051177024,0
7340,161.565051177024,0
7350,161.565051177024,0
7360,161.565051177024,0
7370,161.565051177024,0
7380,161.565051177024,0
7390,161.565051177024,0
7400,161.565051177024,0
7410,90,0
7420,90,0
7430,90,0
7440,90,0
7450,180,0
7460,180,0
7470,180,0
7480,180,0
7490,180,0
7500,180,0
7510,180,0
7520,180,0
7530,180,0
7540,180,0
7550,180,0
7560,134.999999999911,0
7570,134.999999999911,0.372000008821487
7580,134.999999999911,0.999000012874603
7590,134.999999999911,1.58599996566772
7600,134.999999999911,2.79900002479553
7610,134.999999999911,2.61199998855591
7620,270,3.45900011062622
7630,270,3.70000004768372
7640,270,3.86299991607666
7650,270,3.95799994468689
7660,270,3.87299990653992
7670,270,3.82399988174438
7680,270,4.01200008392334
7690,270,3.53500008583069
7700,270,2.90000009536743
7710,270,0.479999989271164
7720,270,0
7730,270,0
7740,270,0
7750,270,0
7760,270,0
7770,270,0
7780,270,0
7790,270,0
7800,270,0
7810,270,0
7820,270,0
7830,270,0
7840,243.434948823029,0
7850,243.434948823029,0
7860,243.434948823029,0
7870,243.434948823029,0
7880,243.434948823029,0
7890,243.434948823029,0
7900,243.434948823029,0
7910,243.434948823029,0
7920,270,0
7930,270,0
7940,270,0
7950,270,0
7960,270,0
7970,270,0
7980,270,0
7990,270,0
8000,255.963756532126,0
8010,255.963756532126,0
8020,255.963756532126,0
8030,255.963756532126,0
8040,255.963756532126,0
8050,255.963756532126,0
8060,255.963756532126,0
8070,255.963756532126,0
8080,255.963756532126,0
8090,255.963756532126,0
8100,255.963756532126,0
8110,255.963756532126,0
8120,255.963756532126,0.142000004649162
8130,255.963756532126,0.414000004529953
8140,255.963756532126,3.23300004005432
8150,236.309932473801,6.67899990081787
8160,236.309932473801,8.4060001373291
8170,236.309932473801,8.5930004119873
8180,236.309932473801,8.92000007629395
8190,236.309932473801,9.58899974822998
8200,236.309932473801,10.8400001525879
8210,236.309932473801,10.9860000610352
8220,236.309932473801,12.6160001754761
8230,236.309932473801,14.7449998855591
8240,236.309932473801,18.4890003204346
8250,236.309932473801,19.2299995422363
8260,236.309932473801,18.4540004730225
8270,236.309932473801,18.1959991455078
8280,236.309932473801,17.003999710083
8290,270,10.8450002670288
8300,270,5.32499980926514
8310,270,0.266999989748001
8320,270,0
8330,225.000000000089,0
8340,225.000000000089,0
8350,225.000000000089,0
8360,225.000000000089,0
8370,225.000000000089,0
8380,236.30993247413,0
8390,236.30993247413,0
8400,236.30993247413,0
8410,236.30993247413,0
8420,236.30993247413,0
8430,236.30993247413,0
8440,236.30993247413,0
8450,236.30993247413,0
8460,236.30993247413,0
8470,236.30993247413,0
8480,236.30993247413,0
8490,236.30993247413,0
8500,236.30993247413,0
8510,225.000000000089,0
8520,225.000000000089,0
8530,225.000000000089,0
8540,225.000000000089,0
8550,225.000000000089,0
8560,225.000000000089,0
8570,248.198590513722,0
8580,248.198590513722,0
8590,248.198590513722,0
8600,248.198590513722,0
8610,248.198590513722,0
8620,248.198590513722,0
8630,248.198590513722,0
8640,248.198590513722,0
8650,248.198590513722,0
8660,248.198590513722,0
8670,248.198590513722,0
8680,248.198590513722,0
8690,248.198590513722,0
8700,248.198590513722,0
8710,248.198590513722,0
8720,248.198590513722,0
8730,248.198590513722,1.4210000038147
8740,248.198590513722,2.6010000705719
8750,248.198590513722,2.86800003051758
8760,248.198590513722,2.97000002861023
8770,270,2.87199997901917
8780,270,2.68600010871887
8790,270,2.6489999294281
8800,164.744881296963,3.16799998283386
8810,164.744881296963,3.9210000038147
8820,164.744881296963,4.49200010299683
8830,164.744881296963,4.96799993515015
8840,164.744881296963,5.89900016784668
8850,164.744881296963,6.36899995803833
8860,164.744881296963,6.85799980163574
8870,164.744881296963,6.99300003051758
8880,164.744881296963,7.38899993896484
8890,164.744881296963,7.68499994277954
8900,164.744881296963,8.2480001449585
8910,164.744881296963,9.02999973297119
8920,164.744881296963,9.50399971008301
8930,164.744881296963,10.7469997406006
8940,164.744881296963,12.1540002822876
8950,164.744881296963,13.3409996032715
8960,164.744881296963,14.5329999923706
8970,164.744881296963,16.4570007324219
8980,164.744881296963,17.4939994812012
8990,164.744881296963,18.4020004272461
9000,164.744881296963,19.1879997253418
9010,164.744881296963,20.1630001068115
9020,164.744881296963,21.4370002746582
9030,164.744881296963,22.6439990997314
9040,164.744881296963,23.6870002746582
9050,164.744881296963,24.3349990844727
9060,164.744881296963,25.2900009155273
9070,164.744881296963,25.0769996643066
9080,164.744881296963,23.9090003967285
9090,164.744881296963,21.2029991149902
9100,164.744881296963,19.0030002593994
9110,164.744881296963,15.1510000228882
9120,164.744881296963,8.61900043487549
9130,164.744881296963,0.239999994635582
9140,164.744881296963,0
9150,164.744881296963,0
9160,164.744881296963,0
9170,164.744881296963,0
9180,164.744881296963,0
9190,164.744881296963,0
9200,164.744881296963,0
9210,164.744881296963,0.217999994754791
9220,164.744881296963,0.402999997138977
9230,116.565051176971,0.0570000000298023
9240,116.565051176971,0.730000019073486
9250,116.565051176971,0.165000006556511
9260,116.565051176971,0.0209999997168779
9270,116.565051176971,1.16199994087219
9280,116.565051176971,1.04299998283386
9290,116.565051176971,0.712999999523163
9300,116.565051176971,0.150999993085861
9310,135.000000000268,1.192999958992
9320,135.000000000268,2.03500008583069
9330,135.000000000268,2.17799997329712
9340,135.000000000268,2.2590000629425
9350,135.000000000268,2.25600004196167
9360,135.000000000268,1.99500000476837
9370,135.000000000268,1.36099994182587
9380,135.000000000268,1.55999994277954
9390,135.000000000268,0.00700000021606684
9400,135.000000000268,0
9410,135.000000000268,0
9420,180,0
9430,180,0
9440,180,0
9450,180,0
9460,180,0
9470,180,0
9480,180,0
9490,225.000000000089,0.202999994158745
9500,225.000000000089,0.215000003576279
9510,225.000000000089,1.16700005531311
9520,225.000000000089,1.12300002574921
9530,225.000000000089,0.229000002145767
9540,225.000000000089,2.13800001144409
9550,198.434948822976,5.0019998550415
9560,198.434948822976,6.72599983215332
9570,198.434948822976,6.72300004959106
9580,198.434948822976,7.36800003051758
9590,198.434948822976,8.50800037384033
9600,198.434948822976,9.13599967956543
9610,198.434948822976,10.3210000991821
9620,198.434948822976,12.2770004272461
9630,198.434948822976,13.4750003814697
9640,198.434948822976,15.5839996337891
9650,198.434948822976,16.6219997406006
9660,198.434948822976,17.5830001831055
9670,213.690067525884,17.5209999084473
9680,213.690067525884,19.1019992828369
9690,213.690067525884,20.5020008087158
9700,213.690067525884,20.4300003051758
9710,213.690067525884,22.3419990539551
9720,213.690067525884,24.7390003204346
9730,213.690067525884,25.068000793457
9740,213.690067525884,25.7919998168945
9750,213.690067525884,27.6359996795654
9760,213.690067525884,27.6009998321533
9770,213.690067525884,30.8190002441406
9780,213.690067525884,33.4790000915527
9790,213.690067525884,33.9819984436035
9800,225.000000000089,36.8629989624023
9810,225.000000000089,37.734001159668
9820,225.000000000089,40.9830017089844
9830,225.000000000089,41.1640014648438
9840,225.000000000089,42.1180000305176
9850,225.000000000089,44.9420013427734
9860,225.000000000089,44.484001159668
9870,225.000000000089,46.0690002441406
9880,225.000000000089,45.4780006408691
9890,225.000000000089,45.6290016174316
9900,225.000000000089,47.0120010375977
9910,225.000000000089,45.2859992980957
9920,225.000000000089,45.3969993591309
9930,225.000000000089,43.0029983520508
9940,225.000000000089,42.9659996032715
9950,225.000000000089,39.9020004272461
9960,180,40.023998260498
9970,180,39.8240013122559
9980,180,39.4379997253418
9990,180,38.4099998474121
10000,206.565051176864,34.1500015258789
10010,206.565051176864,31.0340003967285
10020,206.565051176864,26.3980007171631
10030,206.565051176864,22.5559997558594
10040,206.565051176864,22.2789993286133
10050,206.565051176864,19.4270000457764
10060,206.565051176864,17.2110004425049
10070,206.565051176864,15.1420001983643
10080,213.690067526103,13.6040000915527
10090,213.690067526103,11.8540000915527
10100,213.690067526103,10.7419996261597
10110,213.690067526103,9.6230001449585
10120,213.690067526103,5.82999992370605
10130,213.690067526103,3.84500002861023
10140,213.690067526103,5.3600001335144
10150,213.690067526103,5.07600021362305
10160,213.690067526103,5.69099998474121
10170,213.690067526103,4.29099988937378
10180,213.690067526103,3.17300009727478
10190,213.690067526103,2.7590000629425
10200,213.690067526103,1.19700002670288
10210,180,0.151999995112419
10220,180,1.81400001049042
10230,180,5.7810001373291
10240,180,9.13000011444092
10250,180,11.1239995956421
10260,180,13.6020002365112
10270,180,15.9980001449585
10280,180,19.4829998016357
10290,180,21.9680004119873
10300,180,24.4559993743896
10310,180,25.9769992828369
10320,180,28.2240009307861
10330,180,30.0919990539551
10340,180,32.1959991455078
10350,180,33.8110008239746
10360,180,35.7050018310547
10370,180,37.1800003051758
10380,180,38.5890007019043
10390,180,40.3269996643066
10400,180,42.6870002746582
10410,180,44.0709991455078
10420,180,45.0130004882812
10430,180,46.0660018920898
10440,180,47.125
10450,180,47.8660011291504
10460,180,48.1669998168945
10470,180,48.0849990844727
10480,180,49.3689994812012
10490,180,50.5270004272461
10500,180,51.181999206543
10510,180,51.7449989318848
10520,180,51.5289993286133
10530,180,51.2630004882812
10540,180,50.7719993591309
10550,180,50.5149993896484
10560,180,50.1520004272461
10570,180,48.3409996032715
10580,180,46.314998626709
10590,180,44.8930015563965
10600,180,43.2610015869141
10610,180,41.2309989929199
10620,180,37.8839988708496
10630,180,35.0460014343262
10640,180,32.6510009765625
10650,180,30.7830009460449
10660,180,29.2609996795654
10670,180,26.1509990692139
10680,180,24.693000793457
10690,180,23.6200008392334
10700,206.565051176864,22.6669998168945
10710,206.565051176864,21.1720008850098
10720,206.565051176864,19.382999420166
10730,206.565051176864,18.4640007019043
10740,206.565051176864,16.9799995422363
10750,206.565051176864,16.9190006256104
10760,206.565051176864,15.5310001373291
10770,206.565051176864,14.3970003128052
10780,201.801409486413,13.4079999923706
10790,201.801409486413,12.6730003356934
10800,201.801409486413,11.9139995574951
10810,201.801409486413,12.5010004043579
10820,201.801409486413,12.0459995269775
10830,201.801409486413,12.2410001754761
10840,201.801409486413,11.7919998168945
10850,201.801409486413,12.9770002365112
10860,201.801409486413,13.4359998703003
10870,201.801409486413,12.9139995574951
10880,201.801409486413,13.2370004653931
10890,201.801409486413,14.3950004577637
10900,201.801409486413,14.9729995727539
10910,201.801409486413,14.5159997940063
10920,201.801409486413,18.7630004882812
10930,201.801409486413,20.0090007781982
10940,201.801409486413,19.4409999847412
10950,201.801409486413,20.6840000152588
10960,201.801409486413,23.2089996337891
10970,201.801409486413,23.9950008392334
10980,201.801409486413,24.8470001220703
10990,180,27.568000793457
11000,180,29.9610004425049
11010,180,32.1769981384277
11020,180,33.9410018920898
11030,180,35.2430000305176
11040,180,36.3810005187988
11050,180,37.2910003662109
11060,206.565051177221,38.1209983825684
11070,206.565051177221,37.4329986572266
11080,206.565051177221,36.0540008544922
11090,206.565051177221,35.4210014343262
11100,206.565051177221,34.3769989013672
11110,206.565051177221,32.9710006713867
11120,206.565051177221,31.4669990539551
11130,206.565051177221,29.9489994049072
11140,180,29.4549999237061
11150,180,29.0300006866455
11160,180,28.4640007019043
11170,180,27.4209995269775
11180,180,26.2029991149902
11190,180,24.3770008087158
11200,180,21.7000007629395
11210,180,18.1180000305176
11220,180,15.621000289917
11230,180,13.2600002288818
11240,180,11.3690004348755
11250,180,8.83899974822998
11260,134.999999999822,8.79199981689453
11270,134.999999999822,9.20400047302246
11280,134.999999999822,11.1490001678467
11290,134.999999999822,10.3129997253418
11300,134.999999999822,10.7729997634888
11310,123.690067526227,12.2430000305176
11320,123.690067526227,12.9659996032715
11330,123.690067526227,13.2670001983643
11340,123.690067526227,14.1999998092651
11350,123.690067526227,15.1669998168945
11360,123.690067526227,15.0600004196167
11370,123.690067526227,15.6569995880127
11380,123.690067526227,15.914999961853
11390,123.690067526227,15.58899974823
11400,123.690067526227,16.1030006408691
11410,123.690067526227,16.0620002746582
11420,123.690067526227,15.9049997329712
11430,123.690067526227,16.1280002593994
11440,90,15.8129997253418
11450,90,16.2900009155273
11460,90,16.9549999237061
11470,90,17.1809997558594
11480,108.434948822851,17.4309997558594
11490,108.434948822851,15.8500003814697
11500,108.434948822851,17.1709995269775
11510,108.434948822851,8.05799961090088
11520,108.434948822851,7.62900018692017
11530,108.434948822851,8.68900012969971
11540,108.434948822851,12.5069999694824
11550,108.434948822851,15.3920001983643
11560,108.434948822851,23.9820003509521
11570,108.434948822851,28.8090000152588
11580,108.434948822851,32.0919990539551
11590,108.434948822851,37.3219985961914
11600,75.963756532126,40.8540000915527
11610,75.963756532126,40.5439987182617
11620,75.963756532126,43.2869987487793
11630,75.963756532126,42.8450012207031
11640,75.963756532126,46.5550003051758
11650,75.963756532126,50.4109992980957
11660,75.963756532126,50.4850006103516
11670,75.963756532126,54.3940010070801
11680,75.963756532126,55.4939994812012
11690,75.963756532126,59.8610000610352
11700,75.963756532126,60.4959983825684
11710,75.963756532126,64.2809982299805
11720,75.963756532126,64.9400024414062
11730,75.963756532126,68.5780029296875
11740,75.963756532126,69.6669998168945
11750,56.3099324737732,71.4059982299805
11760,56.3099324737732,66.8949966430664
11770,56.3099324737732,67.3730010986328
11780,56.3099324737732,65.8690032958984
11790,56.3099324737732,66.681999206543
11800,56.3099324737732,68.2559967041016
11810,56.3099324737732,68.1589965820312
11820,56.3099324737732,69.3509979248047
11830,56.3099324737732,69.9069976806641
11840,56.3099324737732,68.2570037841797
11850,56.3099324737732,66.6999969482422
11860,56.3099324737732,68.1220016479492
11870,56.3099324737732,65.9990005493164
11880,56.3099324737732,65.3170013427734
11890,45.0000000001784,68.9940032958984
11900,45.0000000001784,66.8690032958984
11910,45.0000000001784,66.8560028076172
11920,45.0000000001784,66.5289993286133
11930,45.0000000001784,65.1869964599609
11940,0,66.0449981689453
11950,0,61.5480003356934
11960,0,56.4220008850098
11970,0,51.4799995422363
11980,44.9999999999643,51.4410018920898
11990,44.9999999999643,52.943000793457
12000,44.9999999999643,55.382999420166
12010,44.9999999999643,56.4199981689453
12020,44.9999999999643,56.8199996948242
12030,44.9999999999643,56.8349990844727
12040,44.9999999999643,60.226001739502
12050,44.9999999999643,61.3819999694824
12060,44.9999999999643,61.5410003662109
12070,44.9999999999643,59.8720016479492
12080,44.9999999999643,57.9900016784668
12090,44.9999999999643,56.2150001525879
12100,44.9999999999643,58.5849990844727
12110,44.9999999999643,60.8709983825684
12120,44.9999999999643,63.4459991455078
12130,44.9999999999643,64.4309997558594
12140,44.9999999999643,65.7109985351562
12150,44.9999999999643,65.5080032348633
12160,44.9999999999643,63.8460006713867
12170,44.9999999999643,68.7809982299805
12180,44.9999999999643,69.5609970092773
12190,44.9999999999643,69.5469970703125
12200,44.9999999999643,69.8560028076172
12210,44.9999999999643,69.6989974975586
12220,44.9999999999643,68.6100006103516
12230,44.9999999999643,68.5820007324219
12240,314.999999999911,67.1829986572266
12250,314.999999999911,63.0859985351562
12260,314.999999999911,55.2639999389648
12270,314.999999999911,51.3740005493164
12280,314.999999999911,47.5740013122559
12290,314.999999999911,39.640998840332
12300,90,44.1279983520508
12310,90,47.8919982910156
12320,90,51.7130012512207
12330,0,55.2929992675781
12340,0,51.382999420166
12350,0,48.4609985351562
12360,0,46.0670013427734
12370,0,42.4869995117188
12380,0,39.0530014038086
12390,0,35.5099983215332
12400,0,33.242000579834
12410,0,29.3110008239746
12420,0,24.806999206543
12430,0,20.8020000457764
12440,0,18.9599990844727
12450,0,18.6800003051758
12460,0,18.8449993133545
12470,0,21.0890007019043
12480,0,23.7719993591309
12490,0,26.306999206543
12500,0,28.9370002746582
12510,0,32.0540008544922
12520,0,35.6599998474121
12530,0,39.7820014953613
12540,0,44.0169982910156
12550,0,48.2770004272461
12560,0,51.4889984130859
12570,0,53.4309997558594
12580,0,54.7599983215332
12590,0,55.2879981994629
12600,0,55.5750007629395
12610,0,54.189998626709
12620,0,51.023998260498
12630,45.0000000000892,46.6349983215332
12640,45.0000000000892,39.4090003967285
12650,45.0000000000892,33.8409996032715
12660,45.0000000000892,28.5769996643066
12670,45.0000000000892,22.4130001068115
12680,45.0000000000892,22.382999420166
12690,0,23.0930004119873
12700,0,23.9160003662109
12710,0,25.2530002593994
12720,0,26.3099994659424
12730,0,27.5820007324219
12740,0,29.1760005950928
12750,0,31.8799991607666
12760,0,35.2610015869141
12770,0,38.2200012207031
12780,0,41.5550003051758
12790,0,45.9210014343262
12800,18.4349488229755,49.4249992370605
12810,18.4349488229755,53.2019996643066
12820,18.4349488229755,55.9570007324219
12830,18.4349488229755,55.9010009765625
12840,18.4349488229755,57.8870010375977
12850,18.4349488229755,59.7820014953613
12860,18.4349488229755,59.2649993896484
12870,18.4349488229755,59.9560012817383
12880,18.4349488229755,59.4939994812012
12890,18.4349488229755,58.859001159668
12900,18.4349488229755,57.8699989318848
12910,18.4349488229755,55.4910011291504
12920,21.8014094863457,53.7519989013672
12930,21.8014094863457,51.6990013122559
12940,21.8014094863457,49.0800018310547
12950,21.8014094863457,47.1590003967285
12960,21.8014094863457,45.6030006408691
12970,21.8014094863457,44.6259994506836
12980,21.8014094863457,43.5989990234375
12990,21.8014094863457,40.8580017089844
13000,21.8014094863457,39.9799995422363
13010,21.8014094863457,39.5190010070801
13020,21.8014094863457,40.185001373291
13030,21.8014094863457,37.6710014343262
13040,21.8014094863457,36.2929992675781
13050,21.8014094863457,36.4389991760254
13060,21.8014094863457,37.5029983520508
13070,21.8014094863457,36.2330017089844
13080,21.8014094863457,38.4790000915527
13090,21.8014094863457,42.3400001525879
13100,21.8014094863457,45.1990013122559
13110,21.8014094863457,44.0320014953613
13120,26.5650511771493,45.8030014038086
13130,26.5650511771493,46.9230003356934
13140,26.5650511771493,48.3530006408691
13150,26.5650511771493,50.9679985046387
13160,26.5650511771493,51.9930000305176
13170,26.5650511771493,53.2430000305176
13180,26.5650511771493,50.9459991455078
13190,26.5650511771493,49.5009994506836
13200,0,47.3549995422363
13210,0,46.1500015258789
13220,0,45.8440017700195
13230,0,46.1780014038086
13240,0,47.0919990539551
13250,0,48.4720001220703
13260,0,50.1689987182617
13270,0,51.1040000915527
13280,180,50.7299995422363
13290,180,49.351001739502
13300,180,47.6209983825684
13310,45.0000000000892,46.7229995727539
13320,45.0000000000892,44.6549987792969
13330,45.0000000000892,43.8689994812012
13340,45.0000000000892,42.7360000610352
13350,45.0000000000892,39.9210014343262
13360,45.0000000000892,38.6839981079102
13370,90,37.7019996643066
13380,90,37.3419990539551
13390,90,37.2350006103516
13400,90,37.1959991455078
13410,90,37.3889999389648
13420,90,37.7319984436035
13430,90,38.435001373291
13440,90,39.3709983825684
13450,90,40.6590003967285
13460,90,41.5359992980957
13470,90,42.5849990844727
13480,104.036243467885,43.6310005187988
13490,104.036243467885,43.0820007324219
13500,104.036243467885,41.0999984741211
13510,104.036243467885,39.8839988708496
13520,104.036243467885,39.5719985961914
13530,104.036243467885,39.5299987792969
13540,104.036243467885,39.8190002441406
13550,104.036243467885,40.1259994506836
13560,104.036243467885,40.6110000610352
13570,104.036243467885,38.4189987182617
13580,104.036243467885,32.951000213623
13590,104.036243467885,32.2159996032715
13600,104.036243467885,32.7470016479492
13610,104.036243467885,33.492000579834
13620,104.036243467885,35.2319984436035
13630,123.69006752587,36.4949989318848
13640,123.69006752587,38.3619995117188
13650,123.69006752587,39.3839988708496
13660,123.69006752587,39.7630004882812
13670,123.69006752587,40.1220016479492
13680,123.69006752587,41.2799987792969
13690,123.69006752587,41.851001739502
13700,123.69006752587,43.4099998474121
13710,123.69006752587,44.8079986572266
13720,123.69006752587,45.2729988098145
13730,123.69006752587,46.0209999084473
13740,123.69006752587,44.7120018005371
13750,123.69006752587,43.7569999694824
13760,123.69006752587,43.8300018310547
13770,161.565051177167,39.7779998779297
13780,161.565051177167,37.435001373291
13790,161.565051177167,35.4669990539551
13800,161.565051177167,34.4990005493164
13810,161.565051177167,34.4210014343262
13820,161.565051177167,36.3819999694824
13830,161.565051177167,44.2809982299805
13840,161.565051177167,50.4160003662109
13850,161.565051177167,57.298999786377
13860,161.565051177167,58.4059982299805
13870,161.565051177167,54.4300003051758
13880,180,46.2849998474121
13890,180,42.0419998168945
13900,180,40.1660003662109
13910,180,39.507999420166
13920,153.434948822851,39.0320014953613
13930,153.434948822851,38.7200012207031
13940,153.434948822851,38.7779998779297
13950,153.434948822851,41.0999984741211
13960,153.434948822851,43.4500007629395
13970,153.434948822851,48.1980018615723
13980,153.434948822851,52.4700012207031
13990,153.434948822851,54.4860000610352
14000,153.434948822851,56.4589996337891
14010,180,55.773998260498
14020,180,54.4379997253418
14030,180,52.7350006103516
14040,150.945395900967,50.6300010681152
14050,150.945395900967,51.9379997253418
14060,150.945395900967,52.5950012207031
14070,150.945395900967,53.0999984741211
14080,150.945395900967,49.8889999389648
14090,150.945395900967,48.3569984436035
14100,150.945395900967,44.6290016174316
14110,150.945395900967,41.4599990844727
14120,150.945395900967,40.2229995727539
14130,150.945395900967,40.6160011291504
14140,150.945395900967,40.9809989929199
14150,150.945395900967,44.9420013427734
14160,150.945395900967,50.9659996032715
14170,150.945395900967,53.2999992370605
14180,150.945395900967,57.6619987487793
14190,150.945395900967,61.4519996643066
14200,150.945395900967,64.5139999389648
14210,150.945395900967,65.1370010375977
14220,150.945395900967,67.984001159668
14230,150.945395900967,70.1220016479492
14240,150.945395900967,71.4899978637695
14250,150.945395900967,70.6949996948242
14260,150.945395900967,69.8089981079102
14270,150.945395900967,69.1600036621094
14280,150.945395900967,66.4390029907227
14290,150.945395900967,65.556999206543
14300,150.945395900967,61.8810005187988
14310,150.945395900967,55.9189987182617
14320,150.945395900967,51.9449996948242
14330,150.945395900967,45.4959983825684
14340,150.945395900967,43.9630012512207
14350,150.945395900967,44.9210014343262
14360,150.945395900967,45.4659996032715
14370,150.945395900967,46.806999206543
14380,150.945395900967,50.5309982299805
14390,150.945395900967,55.6300010681152
14400,150.945395900967,60.3629989624023
14410,150.945395900967,64.3919982910156
14420,150.945395900967,67.0630035400391
14430,180,65.1279983520508
14440,180,62.4410018920898
14450,180,60.5029983520508
14460,180,57.9070014953613
14470,165.96375653199,56.0050010681152
14480,165.96375653199,52.2280006408691
14490,165.96375653199,49.4269981384277
14500,165.96375653199,46.201000213623
14510,165.96375653199,45.3740005493164
14520,165.96375653199,45.4220008850098
14530,165.96375653199,45.7719993591309
14540,165.96375653199,45.976001739502
14550,165.96375653199,45.515998840332
14560,165.96375653199,45.8479995727539
14570,165.96375653199,45.4630012512207
14580,165.96375653199,45.4690017700195
14590,165.96375653199,46.6030006408691
14600,165.96375653199,48.7919998168945
14610,165.96375653199,53.3269996643066
14620,180,55.2389984130859
14630,180,56.9449996948242
14640,180,62.4210014343262
14650,180,69.2009963989258
14660,180,75.8840026855469
14670,180,81.9380035400391
14680,180,87.1449966430664
14690,180,91.4410018920898
14700,180,94.5940017700195
14710,180,97.431999206543
14720,180,100.599998474121
14730,180,102.65599822998
14740,180,104.03800201416
14750,180,103.763000488281
14760,180,102.578002929688
14770,180,101.555999755859
14780,180,100.76000213623
14790,180,99.661003112793
14800,180,98.8349990844727
14810,180,97.7740020751953
14820,180,96.1790008544922
14830,180,94.0009994506836
14840,180,91.1989974975586
14850,180,89.1210021972656
14860,180,88.4150009155273
14870,180,86.9349975585938
14880,180,86.1640014648438
14890,180,86.7480010986328
14900,180,87.3190002441406
14910,180,87.677001953125
14920,198.434948822886,88.6620025634766
14930,198.434948822886,85.5120010375977
14940,198.434948822886,82.5279998779297
14950,198.434948822886,82.5270004272461
14960,198.434948822886,78.3529968261719
14970,198.434948822886,74.8619995117188
14980,198.434948822886,73.3710021972656
14990,198.434948822886,68.7490005493164
15000,198.434948822886,67.4729995727539
15010,198.434948822886,64.7900009155273
15020,198.434948822886,59.8629989624023
15030,198.434948822886,59.3390007019043
15040,206.565051177149,56.0719985961914
15050,206.565051177149,54.4000015258789
15060,206.565051177149,53.9939994812012
15070,206.565051177149,52.5130004882812
15080,206.565051177149,51.4809989929199
15090,206.565051177149,53.3660011291504
15100,206.565051177149,53.3349990844727
15110,206.565051177149,55.8639984130859
15120,248.198590513476,54.8030014038086
15130,248.198590513476,54.1110000610352
15140,248.198590513476,54.1699981689453
15150,248.198590513476,53.7459983825684
15160,248.198590513476,50.7029991149902
15170,248.198590513476,50.6349983215332
15180,248.198590513476,51.0670013427734
15190,248.198590513476,50.7060012817383
15200,248.198590513476,50.6110000610352
15210,248.198590513476,50.6119995117188
15220,248.198590513476,50.609001159668
15230,248.198590513476,50.6629981994629
15240,248.198590513476,51.1030006408691
15250,248.198590513476,51.2299995422363
15260,248.198590513476,51.1780014038086
15270,248.198590513476,51.1139984130859
15280,248.198590513476,52.4179992675781
15290,248.198590513476,51.1500015258789
15300,248.198590513476,51.0149993896484
15310,248.198590513476,50.7999992370605
15320,243.434948822993,51.5349998474121
15330,243.434948822993,51.0460014343262
15340,243.434948822993,50.9000015258789
15350,243.434948822993,51.3030014038086
15360,243.434948822993,51.4469985961914
15370,243.434948822993,52.4480018615723
15380,243.434948822993,52.9249992370605
15390,243.434948822993,54.2220001220703
15400,243.434948822993,56.3790016174316
15410,260.537677792008,55.5340003967285
15420,260.537677792008,54.7019996643066
15430,260.537677792008,56.556999206543
15440,260.537677792008,55.1339988708496
15450,260.537677792008,53.3269996643066
15460,260.537677792008,55.1430015563965
15470,260.537677792008,54.1920013427734
15480,260.537677792008,53.1049995422363
15490,260.537677792008,53.0540008544922
15500,260.537677792008,52.2680015563965
15510,260.537677792008,52.3569984436035
15520,260.537677792008,52.3279991149902
15530,260.537677792008,52.9729995727539
15540,260.537677792008,54.4650001525879
15550,260.537677792008,54.0139999389648
15560,260.537677792008,56.6349983215332
15570,260.537677792008,59.4179992675781
15580,260.537677792008,62.3129997253418
15590,260.537677792008,62.4370002746582
15600,260.537677792008,63.9980010986328
15610,260.537677792008,65.2809982299805
15620,260.537677792008,63.2400016784668
15630,251.565051177149,64.4499969482422
15640,251.565051177149,62.4469985961914
15650,251.565051177149,64.3140029907227
15660,251.565051177149,62.3740005493164
15670,251.565051177149,60.132999420166
15680,251.565051177149,60.8419990539551
15690,251.565051177149,58.2459983825684
15700,251.565051177149,56.1910018920898
15710,251.565051177149,56.0260009765625
15720,251.565051177149,54.4150009155273
15730,251.565051177149,54.0470008850098
15740,251.565051177149,54.2770004272461
15750,255.963756532126,54.5820007324219
15760,255.963756532126,54.5660018920898
15770,255.963756532126,55.9220008850098
15780,255.963756532126,56.7900009155273
15790,255.963756532126,61.1980018615723
15800,255.963756532126,61.8709983825684
15810,255.963756532126,65.2919998168945
15820,255.963756532126,67.3489990234375
15830,255.963756532126,70.3779983520508
15840,255.963756532126,69.8720016479492
15850,255.963756532126,72.6279983520508
15860,255.963756532126,72.6589965820312
15870,255.963756532126,73.5419998168945
15880,255.963756532126,72.2639999389648
15890,255.963756532126,73.4160003662109
15900,255.963756532126,73.0019989013672
15910,255.963756532126,72.4530029296875
15920,255.963756532126,70.5260009765625
15930,255.963756532126,65.5469970703125
15940,255.963756532126,63.3849983215332
15950,255.963756532126,58.9700012207031
15960,255.963756532126,57.5470008850098
15970,255.963756532126,56.5769996643066
15980,255.963756532126,56.8580017089844
15990,255.963756532126,56.9099998474121
16000,255.963756532126,56.9729995727539
16010,255.963756532126,58.492000579834
16020,255.963756532126,59.140998840332
16030,255.963756532126,61.7210006713867
16040,255.963756532126,61.5029983520508
16050,255.963756532126,64.7570037841797
16060,243.434948822993,63.8759994506836
16070,243.434948822993,64.2969970703125
16080,243.434948822993,63.4370002746582
16090,243.434948822993,63.7529983520508
16100,243.434948822993,65.3659973144531
16110,243.434948822993,66.7330017089844
16120,243.434948822993,67.1500015258789
16130,243.434948822993,66.6790008544922
16140,270,67.0599975585938
16150,270,69.3560028076172
16160,270,72.4609985351562
16170,270,76.2149963378906
16180,224.999999999465,77.2580032348633
16190,224.999999999465,75.4619979858398
16200,224.999999999465,74.2480010986328
16210,224.999999999465,69.3379974365234
16220,224.999999999465,66.4260025024414
16230,243.434948822993,61.9640007019043
16240,243.434948822993,60.189998626709
16250,243.434948822993,62.818000793457
16260,243.434948822993,61.0950012207031
16270,243.434948822993,60.1419982910156
16280,243.434948822993,59.4910011291504
16290,243.434948822993,59.5190010070801
16300,243.434948822993,59.5519981384277
16310,243.434948822993,59.7849998474121
16320,270,60.4780006408691
16330,270,60.2610015869141
16340,270,60.0779991149902
16350,314.999999999911,59.9000015258789
16360,314.999999999911,60.6520004272461
16370,314.999999999911,60.9640007019043
16380,314.999999999911,61.7439994812012
16390,314.999999999911,62.6080017089844
16400,314.999999999911,62.7830009460449
16410,296.565051177542,61.6290016174316
16420,296.565051177542,61.4580001831055
16430,296.565051177542,61.484001159668
16440,296.565051177542,61.8979988098145
16450,296.565051177542,62.4799995422363
16460,296.565051177542,64.3479995727539
16470,296.565051177542,65.1729965209961
16480,296.565051177542,68.2760009765625
16490,243.434948822422,73.7149963378906
16500,243.434948822422,79.8789978027344
16510,243.434948822422,86.2559967041016
16520,243.434948822422,89.9359970092773
16530,243.434948822422,94.7990036010742
16540,243.434948822422,98.4059982299805
16550,243.434948822422,100.787002563477
16560,243.434948822422,102.097999572754
16570,206.565051177149,102.147003173828
16580,206.565051177149,102.708000183105
16590,206.565051177149,105.624000549316
16600,206.565051177149,108.347999572754
16610,206.565051177149,110.794998168945
16620,206.565051177149,113.180999755859
16630,206.565051177149,113.115997314453
16640,206.565051177149,116.850997924805
16650,206.565051177149,118.830001831055
16660,243.434948823029,117.080001831055
16670,243.434948823029,114.837997436523
16680,243.434948823029,114.75
16690,243.434948823029,113.209999084473
16700,243.434948823029,112.236999511719
16710,243.434948823029,111.041000366211
16720,243.434948823029,107.120002746582
16730,243.434948823029,107.301002502441
16740,180,107.877998352051
16750,180,113.418998718262
16760,180,118.88500213623
16770,180,123.772003173828
16780,270,121.445999145508
16790,270,117.313003540039
16800,270,113.705001831055
16810,270,110.638000488281
16820,270,107.943000793457
16830,270,105.289001464844
16840,270,102.811996459961
16850,341.565051177024,100.837997436523
16860,341.565051177024,93.9029998779297
16870,341.565051177024,85.5500030517578
16880,341.565051177024,79.213996887207
16890,341.565051177024,75.6439971923828
16900,341.565051177024,67.5510025024414
16910,341.565051177024,63.6969985961914
16920,341.565051177024,63.8730010986328
16930,341.565051177024,64.5169982910156
16940,341.565051177024,65.8880004882812
16950,341.565051177024,67.9810028076172
16960,341.565051177024,69.8970031738281
16970,296.565051176971,70.6579971313477
16980,296.565051176971,71.3130035400391
16990,296.565051176971,72.0189971923828
17000,296.565051176971,72.4619979858398
17010,296.565051176971,72.5220031738281
17020,296.565051176971,71.8259963989258
17030,296.565051176971,71.8339996337891
17040,296.565051176971,70.4029998779297
17050,296.565051176971,68.9560012817383
17060,315.000000000624,68.8570022583008
17070,315.000000000624,67.4380035400391
17080,315.000000000624,68.4810028076172
17090,315.000000000624,66.2020034790039
17100,315.000000000624,66.7839965820312
17110,296.565051176995,65.6350021362305
17120,296.565051176995,65.6709976196289
17130,296.565051176995,65.6289978027344
17140,296.565051176995,65.3160018920898
17150,296.565051176995,66.177001953125
17160,296.565051176995,68.140998840332
17170,296.565051176995,68.4540023803711
17180,296.565051176995,70.5240020751953
17190,296.565051176995,74.8310012817383
17200,296.565051176995,79.6969985961914
17210,296.565051176995,83.1869964599609
17220,296.565051176995,85.8300018310547
17230,296.565051176995,89.1829986572266
17240,296.565051176995,92.3730010986328
17250,296.565051176995,95.6869964599609
17260,296.565051176995,96.1230010986328
17270,296.565051176995,97.2789993286133
17280,296.565051176995,98.0650024414062
17290,296.565051176995,97.2689971923828
17300,296.565051176995,94.754997253418
17310,296.565051176995,91.2460021972656
17320,296.565051176995,89.3820037841797
17330,296.565051176995,83.9830017089844
17340,296.565051176995,78.6380004882812
17350,296.565051176995,73.213996887207
17360,270,73.2239990234375
17370,270,73.3420028686523
17380,270,73.5970001220703
17390,270,73.8600006103516
17400,270,73.5449981689453
17410,270,75.7030029296875
17420,270,76.7239990234375
17430,270,78.4309997558594
17440,270,80.6060028076172
17450,270,81.9509963989258
17460,270,83.995002746582
17470,270,85.3679962158203
17480,270,86.7289962768555
17490,270,88.2710037231445
17500,270,90.3619995117188
17510,270,92.3710021972656
17520,270,93.8809967041016
17530,270,95.6689987182617
17540,270,97.4309997558594
17550,270,99.0800018310547
17560,270,100.512001037598
17570,270,102.137001037598
17580,270,104.166999816895
17590,270,106.418998718262
17600,270,107.894996643066
17610,270,108.556999206543
17620,270,108.776000976562
17630,270,108.455001831055
17640,270,107.75700378418
17650,270,106.46199798584
17660,236.30993247413,104.873001098633
17670,236.30993247413,104.804000854492
17680,236.30993247413,106.474998474121
17690,236.30993247413,107.15599822998
17700,236.30993247413,106.59700012207
17710,236.30993247413,105.72200012207
17720,236.30993247413,106.652000427246
17730,236.30993247413,107.011001586914
17740,236.30993247413,107.832000732422
17750,236.30993247413,107.265998840332
17760,236.30993247413,104.934997558594
17770,236.30993247413,103.953002929688
17780,236.30993247413,102.80899810791
17790,165.963756532074,101.567001342773
17800,165.963756532074,102.040000915527
17810,165.963756532074,102.365997314453
17820,165.963756532074,101.759002685547
17830,165.963756532074,102.021003723145
17840,165.963756532074,100.56600189209
17850,165.963756532074,98.390998840332
17860,165.963756532074,98.5780029296875
17870,165.963756532074,95.9729995727539
17880,165.963756532074,96.3099975585938
17890,165.963756532074,95.1699981689453
17900,165.963756532074,95.5029983520508
17910,165.963756532074,92.943000793457
17920,165.963756532074,92.390998840332
17930,165.963756532074,88.5820007324219
17940,165.963756532074,86.5999984741211
17950,191.309932474034,83.5149993896484
17960,191.309932474034,76.765998840332
17970,191.309932474034,74.2809982299805
17980,191.309932474034,71.3889999389648
17990,191.309932474034,71.0490036010742
18000,191.309932474034,70.5859985351562
18010,191.309932474034,72.9649963378906
18020,191.309932474034,75.8450012207031
18030,191.309932474034,82.0810012817383
18040,191.309932474034,85.552001953125
18050,191.309932474034,90.0690002441406
18060,191.309932474034,98.2099990844727
18070,191.309932474034,101.019996643066
18080,191.309932474034,105.464996337891
18090,191.309932474034,113.19100189209
18100,191.309932474034,117.888000488281
18110,191.309932474034,124.232002258301
18120,191.309932474034,128.542007446289
18130,191.309932474034,132.134994506836
18140,134.999999999822,137.266006469727
18150,134.999999999822,134.783004760742
18160,134.999999999822,135.341995239258
18170,134.999999999822,132.695007324219
18180,134.999999999822,132.582000732422
18190,134.999999999911,129.768005371094
18200,134.999999999911,128.072006225586
18210,134.999999999911,128.524993896484
18220,134.999999999911,126.25700378418
18230,134.999999999911,128.746994018555
18240,134.999999999911,126.651000976562
18250,134.999999999911,126.91300201416
18260,134.999999999911,129.042007446289
18270,134.999999999911,126.098999023438
18280,134.999999999911,127.073997497559
18290,134.999999999911,122.214996337891
18300,134.999999999911,120.277000427246
18310,134.999999999911,116.248001098633
18320,134.999999999911,114.109001159668
18330,134.999999999911,111.148002624512
18340,134.999999999911,104.498001098633
18350,134.999999999911,98.4089965820312
18360,134.999999999911,90.0080032348633
18370,134.999999999911,84.995002746582
18380,134.999999999911,79.1729965209961
18390,134.999999999911,78.0410003662109
18400,126.869897645965,82.5640029907227
18410,126.869897645965,84.7890014648438
18420,126.869897645965,86.2969970703125
18430,126.869897645965,88.9869995117188
18440,126.869897645965,88.7630004882812
18450,126.869897645965,93.3140029907227
18460,126.869897645965,92.6940002441406
18470,126.869897645965,92.8949966430664
18480,126.869897645965,94.0230026245117
18490,126.869897645965,93.484001159668
18500,126.869897645965,98.3629989624023
18510,126.869897645965,96.7799987792969
18520,126.869897645965,95.8300018310547
18530,126.869897645965,96.9280014038086
18540,126.869897645965,95.9919967651367
18550,126.869897645965,101.786003112793
18560,126.869897645965,100.771003723145
18570,126.869897645965,99.5210037231445
18580,126.869897645965,100.291999816895
18590,153.434948822779,105.672996520996
18600,153.434948822779,106.689002990723
18610,153.434948822779,108.411003112793
18620,153.434948822779,108.003997802734
18630,153.434948822779,109.509002685547
18640,153.434948822779,112.52799987793
18650,153.434948822779,111.40299987793
18660,153.434948822779,113.738998413086
18670,180,117.365997314453
18680,180,122.133003234863
18690,180,127.596000671387
18700,180,132.179000854492
18710,116.565051177292,130.891998291016
18720,116.565051177292,127.018997192383
18730,116.565051177292,122.582000732422
18740,116.565051177292,121.458999633789
18750,116.565051177292,117.680999755859
18760,116.565051177292,115.38200378418
18770,116.565051177292,114.583999633789
18780,116.565051177292,110.722999572754
18790,116.565051177292,110.333000183105
18800,116.565051177292,108.275001525879
18810,116.565051177292,101.644996643066
18820,116.565051177292,97.0279998779297
18830,116.565051177292,93.6429977416992
18840,116.565051177292,95.0380020141602
18850,116.565051177292,92.4240036010742
18860,116.565051177292,89.6439971923828
18870,116.565051177292,86.588996887207
18880,134.999999999822,86.2509994506836
18890,134.999999999822,87.5350036621094
18900,134.999999999822,88.3209991455078
18910,134.999999999822,88.8529968261719
18920,134.999999999822,90.6060028076172
18930,134.999999999911,90.9909973144531
18940,134.999999999911,88.3649978637695
18950,134.999999999911,89.6110000610352
18960,134.999999999911,95.1869964599609
18970,134.999999999911,100.166000366211
18980,90,102.781997680664
18990,90,105.398002624512
19000,90,107.277000427246
19010,90,109.505996704102
19020,90,110.450996398926
19030,90,112.522003173828
19040,90,114.162002563477
19050,90,115.416000366211
19060,90,116.143997192383
19070,90,116.459999084473
19080,90,117.658996582031
19090,90,120.19100189209
19100,90,123.167999267578
19110,90,126.363998413086
19120,90,129.320999145508
19130,71.5650511771315,130.643997192383
19140,71.5650511771315,131.871002197266
19150,71.5650511771315,134.680999755859
19160,71.5650511771315,135.951995849609
19170,71.5650511771315,136.826995849609
19180,71.5650511771315,139.276992797852
19190,71.5650511771315,139.093994140625
19200,71.5650511771315,138.608001708984
19210,71.5650511771315,139.636001586914
19220,71.5650511771315,138.606994628906
19230,71.5650511771315,136.77799987793
19240,71.5650511771315,134.438995361328
19250,90,128.865997314453
19260,90,123.713996887207
19270,90,117.283996582031
19280,90,110.501998901367
19290,90,103.563003540039
19300,90,96.161003112793
19310,90,90.2180023193359
19320,90,83.8610000610352
19330,134.999999999911,80.3109970092773
19340,134.999999999911,79.9909973144531
19350,134.999999999911,80.1309967041016
19360,134.999999999911,81.1660003662109
19370,134.999999999911,84.052001953125
19380,180,88.0059967041016
19390,180,88.3560028076172
19400,180,90.8170013427734
19410,180,90.4710006713867
19420,180,89.6119995117188
19430,180,89.0429992675781
19440,180,88.8980026245117
19450,206.565051176864,89.4440002441406
19460,206.565051176864,85.9509963989258
19470,206.565051176864,82.8880004882812
19480,206.565051176864,81.5130004882812
19490,206.565051176864,80.9459991455078
19500,206.565051176864,80.7959976196289
19510,206.565051176864,81.7539978027344
19520,206.565051176864,84.6330032348633
19530,206.565051176864,83.5640029907227
19540,194.03624346801,86.9830017089844
19550,194.03624346801,90.661003112793
19560,194.03624346801,90.697998046875
19570,194.03624346801,90.5940017700195
19580,194.03624346801,93.8109970092773
19590,194.03624346801,92.875
19600,194.03624346801,93.9140014648438
19610,194.03624346801,90.5660018920898
19620,194.03624346801,89.7799987792969
19630,194.03624346801,86.2259979248047
19640,194.03624346801,83.8109970092773
19650,194.03624346801,82.4700012207031
19660,194.03624346801,82.2239990234375
19670,194.03624346801,82.5439987182617
19680,194.03624346801,83.7689971923828
19690,180,87.3679962158203
19700,180,92.1380004882812
19710,180,97.7750015258789
19720,180,103.828002929688
19730,225.000000000089,106.680000305176
19740,225.000000000089,110.781997680664
19750,225.000000000089,109.907997131348
19760,225.000000000089,110.524002075195
19770,225.000000000089,110.112998962402
19780,210.963756532026,109.069999694824
19790,210.963756532026,109.669998168945
19800,210.963756532026,109.793998718262
19810,210.963756532026,109.03800201416
19820,210.963756532026,107.373001098633
19830,210.963756532026,105.583999633789
19840,210.963756532026,105.350997924805
19850,210.963756532026,103.497001647949
19860,210.963756532026,101.665000915527
19870,210.963756532026,99.734001159668
19880,210.963756532026,97.2519989013672
19890,210.963756532026,93.9309997558594
19900,210.963756532026,91.2360000610352
19910,210.963756532026,89.2559967041016
19920,210.963756532026,88.254997253418
19930,210.963756532026,86.4779968261719
19940,210.963756532026,85.9909973144531
19950,210.963756532026,85.9690017700195
19960,210.963756532026,87.9570007324219
19970,210.963756532026,94.1729965209961
19980,210.963756532026,101.178001403809
19990,210.963756532026,106.581001281738
20000,134.999999999911,107.621002197266
20010,134.999999999911,106.698997497559
20020,134.999999999911,105.25
20030,134.999999999911,105.275001525879
20040,134.999999999911,104.564002990723
